Document group,Document name,文本标题,年份,时间阶段,内容类属,内容主题,内容概述,时间段2,文本编号
Group 1,19940126_团结奋斗_再创华为佳绩,团结奋斗_再创华为佳绩,1994,1,队伍建设,文化理念,鼓励团结奋斗,1994-2000,1994-1-DW3
Group 1,19940605_胜利祝酒辞,胜利祝酒辞,1994,1,战略导向,总体战略,华为的成就和发展,1994-2000,1994-2-ZL4
Group 1,19940621_对中国农话网与交换机产业的一点看法,对中国农话网与交换机产业的一点看法,1994,1,战略导向,业务层战略,农话网业务发展,1994-2000,1994-3-ZL1
Group 1,19941225_从二则空难事故看员工培训的重要性,从二则空难事故看员工培训的重要性,1994,1,队伍建设,培养选拔,加强员工培训,1994-2000,1994-4-DW2
Group 1,19941225_致新员工书,致新员工书,1994,1,队伍建设,培养选拔,鼓励团结奋斗,1994-2000,1994-5-DW2
Group 1,19950109_坚定不移地坚持发展的方向,坚定不移地坚持发展的方向,1995,1,战略导向,总体战略,工作导向规划,1994-2000,1995-1-ZL4
Group 1,19950110_不前进就免职,不前进就免职,1995,1,队伍建设,培养选拔,指引干部工作,1994-2000,1995-2-DW2
Group 1,199507_要建立一个均衡的平台,要建立一个均衡的平台,1995,1,队伍建设,培养选拔,指引秘书工作,1994-2000,1995-3-DW2
Group 1,19951226_目前我们的形势和任务,目前我们的形势和任务,1995,1,战略导向,总体战略,华为发展的过往、环境和未来战略,1994-2000,1995-4-ZL4
Group 1,19960128_当干部是一种责任,当干部是一种责任,1996,1,队伍建设,培养选拔,对干部的要求,1994-2000,1996-1-DW2
Group 1,19960406_反骄破满，在思想上艰苦奋斗,反骄破满，在思想上艰苦奋斗,1996,1,队伍建设,文化理念,鼓励团结奋斗,1994-2000,1996-2-DW3
Group 1,19960502_加强合作走向世界,加强合作走向世界,1996,1,战略导向,总体战略,华为的成就和发展,1994-2000,1996-3-ZL4
Group 1,19960630_再论反骄破满，在思想上艰苦奋斗,再论反骄破满，在思想上艰苦奋斗,1996,1,队伍建设,文化理念,鼓励团结奋斗,1994-2000,1996-4-DW3
Group 1,19960725_我们是要向前迈进一小步，而不是一次大飞跃,我们是要向前迈进一小步，而不是一次大飞跃,1996,1,队伍建设,培养选拔,干部选拔和考评,1994-2000,1996-5-DW2
Group 1,19960811_胜负无定数，敢搏成七分,胜负无定数，敢搏成七分,1996,1,队伍建设,文化理念,鼓励团结奋斗,1994-2000,1996-6-DW3
Group 1,19960828_秘书体系是信息桥,秘书体系是信息桥,1996,1,管理优化,职能体系建设,对秘书系统的要求,1994-2000,1996-7-GL3
Group 1,19961115_实行低重心管理，层层级级都要在做实上下功夫,实行低重心管理，层层级级都要在做实上下功夫,1996,1,管理优化,管理变革,人力资源低重心管理,1994-2000,1996-8-GL1
Group 1,19961121_培训——通向华为明天的重要阶梯,培训——通向华为明天的重要阶梯,1996,1,管理优化,制度建设,公司培训工作,1994-2000,1996-9-GL4
Group 1,19961228_团结起来接受挑战，克服自我溶入大我,团结起来接受挑战，克服自我溶入大我,1996,1,战略导向,总体战略,97年的形势与任务,1994-2000,1996-10-ZL4
Group 1,19970123_不要忘记英雄,不要忘记英雄,1997,1,队伍建设,文化理念,鼓励团结奋斗,1994-2000,1997-1-DW3
Group 1,19970207_资源是会枯竭的，唯有文化才能生生不息,资源是会枯竭的，唯有文化才能生生不息,1997,1,队伍建设,文化理念,鼓励团结奋斗,1994-2000,1997-2-DW3
Group 1,19970222_秘书如何定位,秘书如何定位,1997,1,管理优化,职能体系建设,秘书工作,1994-2000,1997-3-GL3
Group 1,19970226_坚定不移地推行ISO9000,坚定不移地推行ISO9000,1997,1,管理优化,制度建设,ISO9000管理体系,1994-2000,1997-4-GL4
Group 1,19970226_胜则举杯相庆败则拼死相救,胜则举杯相庆败则拼死相救,1997,1,队伍建设,文化理念,鼓励团结奋斗,1994-2000,1997-5-DW3
Group 1,19970330_悼念杨琳,悼念杨琳,1997,1,队伍建设,文化理念,不要忘记功臣,1994-2000,1997-6-DW3
Group 1,19970410_自强不息，荣辱与共，促进管理的进步,自强不息，荣辱与共，促进管理的进步,1997,1,战略导向,总体战略,96年工作总体情况和97年工作导向,1994-2000,1997-7-ZL4
Group 1,19970428_谈学习,谈学习,1997,1,队伍建设,培养选拔,开展学习,1994-2000,1997-8-DW2
Group 1,199705_加强夏收管理促进增产增收,加强夏收管理促进增产增收,1997,1,管理优化,制度建设,干部的制度化循环流动,1994-2000,1997-9-GL4
Group 1,19970626_呼唤英雄,呼唤英雄,1997,1,队伍建设,文化理念,鼓励团结奋斗,1994-2000,1997-10-DW3
Group 1,19970912_提升自我，找到切入点，迎接人生新挑战,提升自我，找到切入点，迎接人生新挑战,1997,1,队伍建设,培养选拔,加强自我培训,1994-2000,1997-11-DW2
Group 1,19970916_当代青年怎样爱国,当代青年怎样爱国,1997,1,队伍建设,文化理念,做好本职工作，建设华为,1994-2000,1997-12-DW3
Group 1,1997_在《委员会管理法》评审上的重要讲话,在《委员会管理法》评审上的重要讲话,1997,1,管理优化,制度建设,公司委员会管理法,1994-2000,1997-13-GL4
Group 1,1997_我们需要什么样的干部,我们需要什么样的干部,1997,1,队伍建设,培养选拔,对干部的要求,1994-2000,1997-14-DW2
Group 1,1997_苦练基本功，争做维护专家,苦练基本功，争做维护专家,1997,1,管理优化,管理变革,维护人员的优化政策,1994-2000,1997-15-GL1
Group 1,19980116_狭路相逢勇者生,狭路相逢勇者生,1998,1,战略导向,总体战略,管理与服务上狠下功夫推进公司进步,1994-2000,1998-1-ZL4
Group 1,1998012_不做昙花一现的英雄,不做昙花一现的英雄,1998,1,战略导向,总体战略,华为二次创业中的战略,1994-2000,1998-2-ZL4
Group 1,19980220_我们向美国人民学习什么,我们向美国人民学习什么,1998,1,管理优化,制度建设,向美国学习管理,1994-2000,1998-3-GL4
Group 1,19980328_要从必然王国，走向自由王国,要从必然王国，走向自由王国,1998,1,管理优化,制度建设,强化职业化管理,1994-2000,1998-4-GL4
Group 1,199805_希望寄托在你们身上,希望寄托在你们身上,1998,1,队伍建设,文化理念,鼓励自我批判,1994-2000,1998-5-DW3
Group 1,19980620_华为的红旗到底能打多久,华为的红旗到底能打多久,1998,1,战略导向,总体战略,华为的核心价值,1994-2000,1998-6-ZL4
Group 1,19980716_小改进、大奖励,小改进、大奖励,1998,1,队伍建设,考评激励,考核评价,1994-2000,1998-7-DW1
Group 1,199809_全心全意对产品负责全心全意为客户服务,全心全意对产品负责全心全意为客户服务,1998,1,战略导向,研发创新,对产品负责,1994-2000,1998-8-ZL3
Group 1,19990208_创业创新必须以提升企业核心竞争力为中心,创业创新必须以提升企业核心竞争力为中心,1999,1,战略导向,研发创新,研发创新的目标导向,1994-2000,1999-1-ZL3
Group 1,19990417_在IPD动员大会上的讲话,在IPD动员大会上的讲话,1999,1,管理优化,管理变革,IPD流程改革,1994-2000,1999-2-GL1
Group 1,199904_在实践中培养和选拔干部,在实践中培养和选拔干部,1999,1,队伍建设,培养选拔,员工培养,1994-2000,1999-3-DW2
Group 1,19990520_能工巧匠是我们企业的宝贵财富,能工巧匠是我们企业的宝贵财富,1999,1,队伍建设,培养选拔,培养工人队伍,1994-2000,1999-4-DW2
Group 1,20000128_凤凰展翅再创辉煌,凤凰展翅再创辉煌,2000,1,队伍建设,文化理念,鼓励团结奋斗,1994-2000,2000-1-DW3
Group 1,20000320_一个职业管理者的责任和使命,一个职业管理者的责任和使命,2000,1,队伍建设,培养选拔,对干部的要求,1994-2000,2000-2-DW2
Group 1,20000408_活下去，是企业的硬道理,活下去，是企业的硬道理,2000,1,战略导向,总体战略,在管理进步中寻求企业生存,1994-2000,2000-3-ZL4
Group 1,20000720_创新是华为发展的不竭动力,创新是华为发展的不竭动力,2000,1,战略导向,研发创新,创新提升核心竞争力,1994-2000,2000-4-ZL3
Group 1,20000901_为什么要自我批判,为什么要自我批判,2000,1,队伍建设,文化理念,鼓励自我批判,1994-2000,2000-5-DW3
Group 1,2000_以客户为中心，加大平台投入，开放合作，实现共赢,以客户为中心，加大平台投入，开放合作，实现共赢,2000,1,战略导向,研发创新,研发导向,1994-2000,2000-6-ZL3
Group 1,20010118_雄赳赳气昂昂跨过太平洋,雄赳赳气昂昂跨过太平洋,2001,2,战略导向,总体战略,走向世界,2001-2005,2001-1-ZL4
Group 1,20010201_华为的冬天,华为的冬天,2001,2,战略导向,总体战略,提高管理效率,2001-2005,2001-2-ZL4
Group 1,20010424_北国之春,北国之春,2001,2,管理优化,管理变革,危机意识和管理体系进步,2001-2005,2001-3-GL1
Group 1,2002_迎接挑战，苦练内功，迎接春天的到来,迎接挑战，苦练内功，迎接春天的到来,2002,2,战略导向,总体战略,工作状况和新一年期望,2001-2005,2002-1-ZL4
Group 1,20030525_在理性与平实中存活,在理性与平实中存活,2003,2,战略导向,总体战略,商业模式和管理导向,2001-2005,2003-1-ZL4
Group 1,20030526_产品发展的路标是客户需求导向企业管理的目标是流程化的组织建设,产品发展的路标是客户需求导向企业管理的目标是流程化的组织建设,2003,2,战略导向,总体战略,坚持客户需求导向,2001-2005,2003-2-ZL4
Group 1,2003_发挥核心团队作用，不断提高人均效益,发挥核心团队作用，不断提高人均效益,2003,2,战略导向,总体战略,制定正确策略应对未来困难,2001-2005,2003-3-ZL4
Group 1,2003_在自我批判指导委员会座谈会上的讲话,在自我批判指导委员会座谈会上的讲话,2003,2,队伍建设,文化理念,自我批判,2001-2005,2003-4-DW3
Group 1,20040115_持续提高人均效益建设高绩效企业文化,持续提高人均效益建设高绩效企业文化,2004,2,管理优化,管理变革,提高人均效益,2001-2005,2004-1-GL1
Group 1,20050726_华为与对手做朋友海外不打价格战,华为与对手做朋友海外不打价格战,2005,2,战略导向,总体战略,实现双赢的海外拓展,2001-2005,2005-1-ZL4
Group 1,20060430_全流程降低成本和费用提高盈利能力,全流程降低成本和费用提高盈利能力,2006,2,管理优化,管理变革,降低成本和费用,2006-2010,2006-1-GL1
Group 1,20060510_在华为收购港湾时的谈话纪要,在华为收购港湾时的谈话纪要,2006,2,战略导向,总体战略,在合作中不断发展,2006-2010,2006-2-ZL4
Group 1,20060721_天道酬勤,天道酬勤,2006,2,队伍建设,文化理念,艰苦奋斗,2006-2010,2006-3-DW3
Group 1,20060904_上甘岭是不会自然产生将军的但将军都曾经是英雄,上甘岭是不会自然产生将军的但将军都曾经是英雄,2006,2,队伍建设,培养选拔,通过艰苦环境磨练干部,2006-2010,2006-4-DW2
Group 1,20061120_华为大学要成为将军的摇篮,华为大学要成为将军的摇篮,2006,2,队伍建设,培养选拔,华为大学的工作方针,2006-2010,2006-5-DW2
Group 1,20061214_在BT系统部、英国代表处汇报会上的讲话,在BT系统部、英国代表处汇报会上的讲话,2006,2,战略导向,跨国经营,英国代表处经营管理,2006-2010,2006-6-ZL2
Group 1,20070108_对区域监控工作的讲话纪要,对区域监控工作的讲话纪要,2007,2,管理优化,管理变革,财经的变革,2006-2010,2007-1-GL1
Group 1,20070108_财经的变革是华为公司的变革，不是财务系统的变革,财经的变革是华为公司的变革，不是财务系统的变革,2007,2,管理优化,制度建设,区域监控管理,2006-2010,2007-2-GL4
Group 1,200702_要快乐的度过充满困难的一生,要快乐的度过充满困难的一生,2007,2,管理优化,日常管理,引导员工文化活动,2006-2010,2007-3-GL2
Group 1,20070409_听取艰苦地区生活专项问题汇报会上的讲话,听取艰苦地区生活专项问题汇报会上的讲话,2007,2,管理优化,日常管理,保障艰苦地区生活,2006-2010,2007-4-GL2
Group 1,20070612_以生动活泼的方式传递奋斗者为主体的文化,以生动活泼的方式传递奋斗者为主体的文化,2007,2,队伍建设,培养选拔,员工培养如何传递公司文化,2006-2010,2007-5-DW2
Group 1,20070713_敢于胜利，才能善于胜利,敢于胜利，才能善于胜利,2007,2,战略导向,总体战略,如何打开市场,2006-2010,2007-6-ZL4
Group 1,20070721_完善和提高对艰苦地区员工的保障措施,完善和提高对艰苦地区员工的保障措施,2007,2,管理优化,日常管理,保障艰苦地区生活,2006-2010,2007-7-GL2
Group 1,20070728_珍惜生命，要从自己关爱自己做起,珍惜生命，要从自己关爱自己做起,2007,2,队伍建设,文化理念,关爱自己,2006-2010,2007-8-DW3
Group 1,20070808_变革最重要的问题是一定要落地,变革最重要的问题是一定要落地,2007,2,管理优化,管理变革,如何持续推进变革,2006-2010,2007-9-GL1
Group 1,20070914_将军如果不知道自己错在哪里，就永远不会成为将军,将军如果不知道自己错在哪里，就永远不会成为将军,2007,2,战略导向,跨国经营,地区部如何经营发展,2006-2010,2007-10-ZL2
Group 1,20080131_在EMT例会“08年公司业务计划与预算”汇报上的讲话,在EMT例会“08年公司业务计划与预算”汇报上的讲话,2008,2,战略导向,总体战略,未来作战方式与导向,2006-2010,2008-1-ZL4
Group 1,20080215_看莫斯科保卫战有感,看莫斯科保卫战有感,2008,2,战略导向,跨国经营,地区部如何经营发展,2006-2010,2008-2-ZL2
Group 1,20080410_人生是美好的，但过程确实是痛苦的,人生是美好的，但过程确实是痛苦的,2008,2,队伍建设,文化理念,危机意识,2006-2010,2008-3-DW3
Group 1,20080531_让青春的火花，点燃无愧无悔的人生,让青春的火花，点燃无愧无悔的人生,2008,2,战略导向,业务层战略,无线产品的奋斗历程和方向,2006-2010,2008-4-ZL1
Group 1,20080613_让青春的生命放射光芒,让青春的生命放射光芒,2008,2,战略导向,业务层战略,网络产品的奋斗历程和方向,2006-2010,2008-5-ZL1
Group 1,20080705_任正非在PSST体系干部大会上的讲话,任正非在PSST体系干部大会上的讲话,2008,2,队伍建设,培养选拔,干部的工作和培养方向,2006-2010,2008-6-DW2
Group 1,20080715_逐步加深理解“以客户为中心，以奋斗者为本”的企业文化,逐步加深理解“以客户为中心，以奋斗者为本”的企业文化,2008,2,队伍建设,文化理念,华为的企业文化,2006-2010,2008-7-DW3
Group 1,20080721_在地区部向EMT进行2008年年中述职会议上的讲话,在地区部向EMT进行2008年年中述职会议上的讲话,2008,2,战略导向,总体战略,华为的战略思考和举措,2006-2010,2008-8-ZL4
Group 1,200807_理解国家，做好自己,理解国家，做好自己,2008,2,队伍建设,文化理念,危机意识,2006-2010,2008-9-DW3
Group 1,20080902_从泥坑里爬起来的人就是圣人,从泥坑里爬起来的人就是圣人,2008,2,队伍建设,文化理念,自我批判,2006-2010,2008-10-DW3
Group 1,20080922_从汶川特大地震一片瓦砾中，一座百年前建的教堂不倒所想到的,从汶川特大地震一片瓦砾中，一座百年前建的教堂不倒所想到的,2008,2,战略导向,研发创新,研发的导向,2006-2010,2008-11-ZL3
Group 1,20081229_围绕客户PO打通，支撑“回款、收入、项目预核算”,围绕客户PO打通，支撑“回款、收入、项目预核算”,2008,2,管理优化,管理变革,打通客户PO,2006-2010,2008-12-GL1
Group 1,20090116_让听得见炮声的人来决策,让听得见炮声的人来决策,2009,2,队伍建设,文化理念,奋斗精神,2006-2010,2009-1-DW3
Group 1,20090116_谁来呼唤炮火，如何及时提供炮火支援,谁来呼唤炮火，如何及时提供炮火支援,2009,2,管理优化,管理变革,建立有效的市场作战体系,2006-2010,2009-2-GL1
Group 1,20090324_市场经济是最好的竞争方式，经济全球化是不可阻挡的潮流,市场经济是最好的竞争方式，经济全球化是不可阻挡的潮流,2009,2,战略导向,总体战略,华为的形势与目标,2006-2010,2009-3-ZL4
Group 1,20090424_深淘滩，低作堰,深淘滩，低作堰,2009,2,管理优化,管理变革,职业化和管理规范化,2006-2010,2009-4-GL1
Group 1,20090827_具有“长期持续艰苦奋斗的牺牲精神，永恒不变的艰苦奋斗的工作作风”是成为一个将军最基本条件,具有“艰苦奋斗的牺牲精神，永恒不变的艰苦奋斗的工作作风”是成为一个将军最基本条件,2009,2,队伍建设,培养选拔,核心工程队选拔,2006-2010,2009-5-DW2
Group 1,20091026_CFO要走向流程化和职业化，支撑公司及时、准确、优质、低成本交付,CFO要走向流程化和职业化，支撑公司及时、准确、优质、低成本交付,2009,2,队伍建设,培养选拔,CFO的发展导向,2006-2010,2009-6-DW2
Group 1,20091127_加快CFO队伍建设，支撑IFS推行落地,加快CFO队伍建设，支撑IFS推行落地,2009,2,管理优化,管理变革,IFS变革推行,2006-2010,2009-7-GL1
Group 1,20091231_春风送暖入屠苏,春风送暖入屠苏,2009,2,战略导向,总体战略,总结2009年华为的发展,2006-2010,2009-8-ZL4
Group 1,20100120_以客户为中心，以奋斗者为本，长期坚持艰苦奋斗是我们胜利之本,以客户为中心，以奋斗者为本，长期坚持艰苦奋斗是我们胜利之本,2010,2,管理优化,管理变革,销售体系的组织变革,2006-2010,2010-1-GL1
Group 1,20100304_在全球行政人员年度表彰暨经验交流大会座谈纪要,在全球行政人员年度表彰暨经验交流大会座谈纪要,2010,2,管理优化,职能体系建设,对行政管理的要求,2006-2010,2010-2-GL3
Group 1,20100430_拉通项目四算，支撑项目层面经营管理,拉通项目四算，支撑项目层面经营管理,2010,2,管理优化,管理变革,IFS变革推行,2006-2010,2010-3-GL1
Group 1,20100715_干部要担负起公司价值观的传承,干部要担负起公司价值观的传承,2010,2,队伍建设,文化理念,核心价值与理念,2006-2010,2010-4-DW3
Group 1,20100910_开放、合作、自我批判，做容千万家的天下英雄,开放、合作、自我批判，做容千万家的天下英雄,2010,2,战略导向,业务层战略,开放合作做好云业务,2006-2010,2010-5-ZL1
Group 1,20101125_改善和媒体的关系,改善和媒体的关系,2010,2,管理优化,日常管理,公共关系和战略宣传,2006-2010,2010-6-GL2
Group 1,20101206_五彩云霞飞遍天涯,五彩云霞飞遍天涯,2010,2,战略导向,业务层战略,发展云平台,2006-2010,2010-7-ZL1
Group 1,20110104_以“选拔制”建设干部队伍，按流程梳理和精简组织，推进组织公开性和均衡性建设,以“选拔制”建设干部队伍，按流程梳理和精简组织，推进组织公开性和均衡性建设,2011,3,队伍建设,培养选拔,建设干部队伍,2011-2014,2011-1-DW2
Group 1,20110117_成功不是未来前进的可靠向导,成功不是未来前进的可靠向导,2011,3,管理优化,管理变革,什么是变革和如何变革,2011-2014,2011-2-GL1
Group 1,20110223_关于珍爱生命与职业责任的讲话,关于珍爱生命与职业责任的讲话,2011,3,队伍建设,文化理念,奋斗精神,2011-2014,2011-3-DW3
Group 1,20111019_任正非与财经体系员工座谈讲话,任正非与财经体系员工座谈讲话,2011,3,队伍建设,培养选拔,财务人员培养选拔,2011-2014,2011-4-DW2
Group 1,20111031_力出一孔，要集中优势资源投入在主航道上，敢于去争取更大的机会与差距,力出一孔，要集中优势资源投入在主航道上，敢于去争取更大的机会与差距,2011,3,战略导向,业务层战略,无线业务战略,2011-2014,2011-5-ZL1
Group 1,20111225_一江春水向东流,一江春水向东流,2011,3,管理优化,制度建设,轮值CEO制度,2011-2014,2011-6-GL4
Group 1,20120119_不要盲目扩张，不要自以为已经强大,不要盲目扩张，不要自以为已经强大,2012,3,战略导向,总体战略,聚焦价值领域，增强作战能力,2011-2014,2012-1-ZL4
Group 1,20120319_绝对考核的目的是团结多数人,绝对考核的目的是团结多数人,2012,3,队伍建设,考评激励,基层员工的绝对考核,2011-2014,2012-2-DW1
Group 1,20120412_紧紧围绕客户，在战略层面宣传公司,紧紧围绕客户，在战略层面宣传公司,2012,3,管理优化,日常管理,公共关系和战略宣传,2011-2014,2012-3-GL2
Group 1,20120423_董事会领导下的CEO轮值制度辨,董事会领导下的CEO轮值制度辨,2012,3,管理优化,制度建设,轮值CEO制度,2011-2014,2012-4-GL4
Group 1,201209_面向未来，以客户痛点为切入点，全球化展示,面向未来，以客户痛点为切入点，全球化展示,2012,3,管理优化,管理变革,以客户为中心全球化展示,2011-2014,2012-5-GL1
Group 1,20121115_东南非多国管理部向任总汇报工作纪要,东南非多国管理部向任总汇报工作纪要,2012,3,战略导向,跨国经营,东南非多国管理,2011-2014,2012-6-ZL2
Group 1,20121120_与毛里求斯员工座谈会议纪要,与毛里求斯员工座谈会议纪要,2012,3,管理优化,职能体系建设,账务业务改进,2011-2014,2012-7-GL3
Group 1,20121219_与华为大学教育学院座谈会纪要,与华为大学教育学院座谈会纪要,2012,3,队伍建设,培养选拔,华为大学的培养导向,2011-2014,2012-8-DW2
Group 1,20121231_力出一孔，利出一孔,力出一孔，利出一孔,2012,3,战略导向,总体战略,聚焦从而提高效益,2011-2014,2012-9-ZL4
Group 1,20130114_在小国表彰会上的讲话,在小国表彰会上的讲话,2013,3,战略导向,跨国经营,提升小国盈利能力,2011-2014,2013-1-ZL2
Group 1,20130330_家人永远不接班,家人永远不接班,2013,3,管理优化,制度建设,上市和接班人问题,2011-2014,2013-2-GL4
Group 1,20130517_要敢于超越美国公司，最多就是输,要敢于超越美国公司，最多就是输,2013,3,队伍建设,培养选拔,片联对干部的培养,2011-2014,2013-3-DW2
Group 1,20130527_在海外行政后勤服务管理思路汇报会上的讲话,在海外行政后勤服务管理思路汇报会上的讲话,2013,3,管理优化,职能体系建设,提升行政服务管理水平,2011-2014,2013-4-GL3
Group 1,20130719_要培养一支能打仗、打胜仗的队伍,要培养一支能打仗、打胜仗的队伍,2013,3,队伍建设,培养选拔,员工选拔,2011-2014,2013-5-DW2
Group 1,20130723_在重装旅集训营座谈会上的讲话,在重装旅集训营座谈会上的讲话,2013,3,战略导向,总体战略,直面竞争扩大市场,2011-2014,2013-6-ZL4
Group 1,20130904_在GTS客户培训服务座谈会上的讲话,在GTS客户培训服务座谈会上的讲话,2013,3,战略导向,业务层战略,客户培训服务建设,2011-2014,2013-7-ZL1
Group 1,20130905_最好的防御就是进攻,最好的防御就是进攻,2013,3,战略导向,业务层战略,无线业务未来发展,2011-2014,2013-8-ZL1
Group 1,20131019_用乌龟精神，追上龙飞船,用乌龟精神，追上龙飞船,2013,3,战略导向,总体战略,华为如何追赶时代,2011-2014,2013-9-ZL4
Group 1,20131031_与CEC成员座谈会的讲话,与CEC成员座谈会的讲话,2013,3,管理优化,制度建设,法律遵从与道德遵从部门建设,2011-2014,2013-10-GL4
Group 1,20131105_在GTS网规网优业务座谈会上的讲话,在GTS网规网优业务座谈会上的讲话,2013,3,战略导向,业务层战略,GTS网规网优业务发展,2011-2014,2013-11-ZL1
Group 1,20131106_在华为大学教育学院工作汇报会上的讲话,在华为大学教育学院工作汇报会上的讲话,2013,3,队伍建设,培养选拔,员工培养,2011-2014,2013-12-DW2
Group 1,20131111_在IP交付保障团队座谈会上的讲话,在IP交付保障团队座谈会上的讲话,2013,3,战略导向,业务层战略,保障质量安全，推动循环流动变革,2011-2014,2013-13-ZL1
Group 1,20131222_聚焦商业成功，英雄不问出处,聚焦商业成功，英雄不问出处,2013,3,队伍建设,培养选拔,员工培养,2011-2014,2013-14-DW2
Group 1,20131228_在运营商网络BG战略务虚会上的讲话及主要讨论发言,在运营商网络BG战略务虚会上的讲话及主要讨论发言,2013,3,战略导向,总体战略,如何抓住未来大数据流量战略机会,2011-2014,2013-15-ZL4
Group 1,20131230_任正非在大规模消灭腐败进展汇报会上的讲话,任正非在大规模消灭腐败进展汇报会上的讲话,2013,3,管理优化,管理变革,消灭腐败,2011-2014,2013-16-GL1
Group 1,20140105_风物长宜放眼量,风物长宜放眼量,2014,3,战略导向,总体战略,聚焦主航道，抢占战略制高点,2011-2014,2014-1-ZL4
Group 1,20140113_做谦虚的领导者,做谦虚的领导者,2014,3,战略导向,总体战略,关注客户需求，实现有效发展,2011-2014,2014-2-ZL4
Group 1,20140122_在董事赋能研讨会上与候选专职董事交流讲话,在董事赋能研讨会上与候选专职董事交流讲话,2014,3,管理优化,管理变革,子公司董事会,2011-2014,2014-3-GL1
Group 1,20140129_握紧拳头才有力量,握紧拳头才有力量,2014,3,战略导向,总体战略,战略聚焦，抢占未来制高点,2011-2014,2014-4-ZL4
Group 1,20140219_自我批判，不断超越,自我批判，不断超越,2014,3,管理优化,管理变革,组织变革的方向,2011-2014,2014-5-GL1
Group 1,20140225_在外派伙食补助汇报会上的讲话,在外派伙食补助汇报会上的讲话,2014,3,管理优化,日常管理,薪酬和补助,2011-2014,2014-6-GL2
Group 1,20140307_在关于重装旅组织汇报会议上的讲话,在关于重装旅组织汇报会议上的讲话,2014,3,队伍建设,培养选拔,训战结合，加快干部成长,2011-2014,2014-7-DW2
Group 1,20140311_在大机会时代，千万不要机会主义,在大机会时代，千万不要机会主义,2014,3,战略导向,业务层战略,消费者BG的发展方向,2011-2014,2014-8-ZL1
Group 1,20140314_三年，从士兵到将军,三年，从士兵到将军,2014,3,管理优化,职能体系建设,以商业成功为导向盘活人力资源体系,2011-2014,2014-9-GL3
Group 1,20140327_在华大建设思路汇报会上的讲话,在华大建设思路汇报会上的讲话,2014,3,管理优化,制度建设,华为大学的建设,2011-2014,2014-10-GL4
Group 1,20140331_在日本研究所工作汇报会上的讲话,在日本研究所工作汇报会上的讲话,2014,3,战略导向,研发创新,华为日本研究所的发展,2011-2014,2014-11-ZL3
Group 1,20140409_与巴西代表处及巴供中心座谈纪要,与巴西代表处及巴供中心座谈纪要,2014,3,战略导向,跨国经营,巴西子公司的管理思路和改进,2011-2014,2014-12-ZL2
Group 1,20140416_在华为上研所专家座谈会上的讲话,在华为上研所专家座谈会上的讲话,2014,3,战略导向,总体战略,聚焦主航道针尖战略,2011-2014,2014-13-ZL4
Group 1,20140424_在后备干部项目管理与经营短训项目座谈会上的讲话,在后备干部项目管理与经营短训项目座谈会上的讲话,2014,3,队伍建设,培养选拔,在实践中选拔干部,2011-2014,2014-14-DW2
Group 1,20140509_喜马拉雅山的水为什么不能流入亚马逊河,喜马拉雅山的水为什么不能流入亚马逊河,2014,3,战略导向,总体战略,华为如何应对未来危机和战略机会,2011-2014,2014-15-ZL4
Group 1,20140509_简化管理，选拔使用有全局观的干部，数据及信息透明,简化管理，选拔使用有全局观的干部，数据及信息透明,2014,3,管理优化,管理变革,变革的目的和实施,2011-2014,2014-16-GL1
Group 1,20140513_推动行政服务业务变革，试点流程责任制,推动行政服务业务变革，试点流程责任制,2014,3,管理优化,职能体系建设,推进行政服务业务优化,2011-2014,2014-17-GL3
Group 1,20140527_在海外子公司董事会推行工作汇报会上的讲话,在海外子公司董事会推行工作汇报会上的讲话,2014,3,管理优化,职能体系建设,建设好子公司董事会综合治理平台,2011-2014,2014-18-GL3
Group 1,20140604_在西欧地区部工作汇报会上的讲话,在西欧地区部工作汇报会上的讲话,2014,3,管理优化,管理变革,西欧地区部改善管理,2011-2014,2014-19-GL1
Group 1,20140605_在德国LTC教导队训战班座谈会上的讲话,在德国LTC教导队训战班座谈会上的讲话,2014,3,管理优化,管理变革,LTC变革,2011-2014,2014-20-GL1
Group 1,20140616_为什么我们今天还要向“蓝血十杰”学习,为什么我们今天还要向“蓝血十杰”学习,2014,3,管理优化,管理变革,实施科学管理,2011-2014,2014-21-GL1
Group 1,20140619_洞庭湖装不下太平洋的水,洞庭湖装不下太平洋的水,2014,3,战略导向,业务层战略,存储业务的未来发展,2011-2014,2014-22-ZL1
Group 1,20140624_在“关于内部网络安全工作方向“的决议,在“关于内部网络安全工作方向“的决议,2014,3,管理优化,职能体系建设,建立先进可靠的网络安全系统,2011-2014,2014-23-GL3
Group 1,20140624_在人力资源工作汇报会上的讲话,在人力资源工作汇报会上的讲话,2014,3,管理优化,职能体系建设,人力资源战略方向,2011-2014,2014-24-GL3
Group 1,20140707_第一次就把事情做对,第一次就把事情做对,2014,3,管理优化,职能体系建设,供应链和仓储端到端变革,2011-2014,2014-25-GL3
Group 1,20140723_在变革项目激励政策汇报会上的讲话,在变革项目激励政策汇报会上的讲话,2014,3,队伍建设,考评激励,员工激励,2011-2014,2014-26-DW1
Group 1,20140723_在小国综合管理变革汇报会上的讲话,在小国综合管理变革汇报会上的讲话,2014,3,管理优化,管理变革,推进综合管理体系变革,2011-2014,2014-27-GL1
Group 1,20140723_在项目管理资源池第一期学员座谈会上的讲话,在项目管理资源池第一期学员座谈会上的讲话,2014,3,管理优化,管理变革,实现项目管理全流程贯通,2011-2014,2014-28-GL1
Group 1,20140725_在2014年7月25日EMT办公会议上的讲话,在2014年7月25日EMT办公会议上的讲话,2014,3,战略导向,总体战略,精干机构和针尖战略,2011-2014,2014-29-ZL4
Group 1,20140826_在销售项目经理资源池第一期学员座谈会上的讲话,在销售项目经理资源池第一期学员座谈会上的讲话,2014,3,队伍建设,培养选拔,协同实现干部循环流动,2011-2014,2014-30-DW2
Group 1,20140923_在“班长的战争”对华为的启示和挑战汇报会上的讲话,在“班长的战争”对华为的启示和挑战汇报会上的讲话,2014,3,管理优化,管理变革,组织和系统支持下的任务式指挥,2011-2014,2014-31-GL1
Group 1,20140923_在公司近期激励导向和激励原则汇报会上的讲话,在公司近期激励导向和激励原则汇报会上的讲话,2014,3,队伍建设,考评激励,员工激励,2011-2014,2014-32-DW1
Group 1,20141104_与CEC就非物质激励工作优化的座谈纪要,与CEC就非物质激励工作优化的座谈纪要,2014,3,队伍建设,考评激励,员工激励,2011-2014,2014-33-DW1
Group 1,20141104_在行政流程责任制试点进展汇报会上的讲话,在行政流程责任制试点进展汇报会上的讲话,2014,3,管理优化,职能体系建设,改革行政服务体系,2011-2014,2014-34-GL3
Group 1,20141106_遍地英雄下夕烟，六亿神州尽舜尧,遍地英雄下夕烟，六亿神州尽舜尧,2014,3,战略导向,总体战略,华为公司未来的胜利保障,2011-2014,2014-35-ZL4
Group 1,20141114_坚持为世界创造价值，为价值而创新,坚持为世界创造价值，为价值而创新,2014,3,战略导向,总体战略,把握住大时代转型的机会点,2011-2014,2014-36-ZL4
Group 1,20141205_在“从中心仓到站点打通”工作汇报会上的讲话,在“从中心仓到站点打通”工作汇报会上的讲话,2014,3,管理优化,职能体系建设,从中心仓到站点打通,2011-2014,2014-37-GL3
Group 1,20141218_依托欧美先进软件包构建高质量的IT系统,依托欧美先进软件包构建高质量的IT系统,2014,3,管理优化,职能体系建设,构建高质量的IT系统,2011-2014,2014-38-GL3
Group 1,20141218_在艰苦地区及岗位管理部工作汇报会上的讲话,在艰苦地区及岗位管理部工作汇报会上的讲话,2014,3,队伍建设,培养选拔,员工培养,2011-2014,2014-39-DW2
Group 1,20150108_在与法务部、董秘及无线员工座谈会上的讲话,在与法务部、董秘及无线员工座谈会上的讲话,2015,3,管理优化,职能体系建设,法务和知识产权工作,2015-2018,2015-1-GL3
Group 1,20150109_打造运营商BG“三朵云”，将一线武装到牙齿,打造运营商BG“三朵云”，将一线武装到牙齿,2015,3,战略导向,业务层战略,“体验云”、“知识云”和“客户方案”云,2015-2018,2015-2-ZL1
Group 1,20150116_变革的目的就是要多产粮食和增加土地肥力,变革的目的就是要多产粮食和增加土地肥力,2015,3,战略导向,总体战略,变革的最终目的,2015-2018,2015-3-ZL4
Group 1,20150310_非主航道组织要率先实现流程责任制，通过流程责任来选拔管理者，淘汰不作为员工，为公司管理进步摸索经验,非主航道组织要率先实现流程责任制，通过流程责任来选拔管理者，淘汰不作为员工，为公司管理进步摸索经验,2015,3,管理优化,管理变革,非主航道组织流程责任制建设,2015-2018,2015-4-GL1
Group 1,20150318_在2015年全球行政工作年会上的讲话,在2015年全球行政工作年会上的讲话,2015,3,管理优化,职能体系建设,改革行政服务体系,2015-2018,2015-5-GL3
Group 1,20150331_在变革战略预备队进展汇报上的讲话,在变革战略预备队进展汇报上的讲话,2015,3,队伍建设,培养选拔,员工培养,2015-2018,2015-6-DW2
Group 1,20150504_在变革战略预备队及进展汇报座谈上的讲话,在变革战略预备队及进展汇报座谈上的讲话,2015,3,队伍建设,培养选拔,员工培养,2015-2018,2015-7-DW2
Group 1,20150508_在变革战略预备队誓师及颁奖典礼上的座谈纪要,在变革战略预备队誓师及颁奖典礼上的座谈纪要,2015,3,管理优化,管理变革,LTC变革,2015-2018,2015-8-GL1
Group 1,20150515_在监管重装旅座谈会上的讲话,在监管重装旅座谈会上的讲话,2015,3,管理优化,制度建设,公司内控和监管,2015-2018,2015-9-GL4
Group 1,20150520_在公司质量工作汇报会上的讲话,在公司质量工作汇报会上的讲话,2015,3,管理优化,职能体系建设,构建大质量管理体系,2015-2018,2015-10-GL3
Group 1,20150702_在固网产业趋势及进展汇报会上的讲话,在固网产业趋势及进展汇报会上的讲话,2015,3,战略导向,业务层战略,固网业务发展,2015-2018,2015-11-ZL1
Group 1,20150713_在合同场景师建设思路汇报上的讲话,在合同场景师建设思路汇报上的讲话,2015,3,队伍建设,培养选拔,培养合同经理队伍,2015-2018,2015-12-DW2
Group 1,20150713_在子公司监督型董事会管理层监督方案及试点情况汇报上的讲话,在子公司监督型董事会管理层监督方案及试点情况汇报上的讲话,2015,3,管理优化,制度建设,公司内控和监管,2015-2018,2015-13-GL4
Group 1,20150714_与英国研究所、北京研究所、伦敦财经风险管控中心座谈的纪要,与英国研究所、北京研究所、伦敦财经风险管控中心座谈的纪要,2015,3,战略导向,研发创新,聚焦在主航道上创新,2015-2018,2015-14-ZL3
Group 1,20150730_在战略预备队业务汇报上的讲话,在战略预备队业务汇报上的讲话,2015,3,队伍建设,培养选拔,建设战略预备队,2015-2018,2015-15-DW2
Group 1,20150731_在变革战略预备队第三期誓师典礼上的讲话,在变革战略预备队第三期誓师典礼上的讲话,2015,3,管理优化,管理变革,管理变革的方向与挑战,2015-2018,2015-16-GL1
Group 1,20150812_构建先进装备，沉淀核心能力，在更高维度打赢下一场战争,构建先进装备，沉淀核心能力，在更高维度打赢下一场战争,2015,3,战略导向,业务层战略,运营商BG发展战略举措,2015-2018,2015-17-ZL1
Group 1,20150827_脚踏实地，做挑战自我的长跑者,脚踏实地，做挑战自我的长跑者,2015,3,战略导向,业务层战略,消费者BG发展战略举措,2015-2018,2015-18-ZL1
Group 1,20150828_在2015年8月28日EMT办公会议上的讲话,在2015年8月28日EMT办公会议上的讲话,2015,3,战略导向,总体战略,未来发展的综合战略,2015-2018,2015-19-ZL4
Group 1,20150902_在波士顿咨询汇报行政服务变革（国家驻点成果及未来变革方向）的讲话,在波士顿咨询汇报行政服务变革（国家驻点成果及未来变革方向）的讲话,2015,3,管理优化,职能体系建设,推进行政服务和行政管理变革,2015-2018,2015-20-GL3
Group 1,20150924_在2015年9月24日EMT办公会议上的讲话,在2015年9月24日EMT办公会议上的讲话,2015,3,战略导向,总体战略,建立战略伙伴规则，实施质量优先的战略,2015-2018,2015-21-ZL4
Group 1,20150928_在GTS站点信息库、地理信息库、网络动态运行信息库和集成交付平台建设汇报会上的讲话,在GTS站点信息库、地理信息库、网络动态运行信息库和集成交付平台建设汇报会上的讲话,2015,3,管理优化,职能体系建设,“三个基础信息库”建设,2015-2018,2015-22-GL3
Group 1,201509_致新员工书,致新员工书,2015,3,队伍建设,培养选拔,员工培养,2015-2018,2015-23-DW2
Group 1,20151010_最终的竞争是质量的竞争,最终的竞争是质量的竞争,2015,3,战略导向,总体战略,以客户为中心，提高质量，变革作战方式,2015-2018,2015-24-ZL4
Group 1,20151023_将军是打出来的,将军是打出来的,2015,3,队伍建设,培养选拔,职业化人才的选拔和发展,2015-2018,2015-25-DW2
Group 1,20151027_小国要率先实现精兵战略，让听得见炮声的人呼唤炮火,小国要率先实现精兵战略，让听得见炮声的人呼唤炮火,2015,3,战略导向,跨国经营,小国精兵战略,2015-2018,2015-26-ZL2
Group 1,20160113_决胜取决于坚如磐石的信念，信念来自专注,决胜取决于坚如磐石的信念，信念来自专注,2016,3,战略导向,总体战略,在战略机会点上聚集力量,2015-2018,2016-1-ZL4
Group 1,20160118_变革的目的就是更简单、更及时、更准确,变革的目的就是更简单、更及时、更准确,2016,3,管理优化,管理变革,推行大部门制、缩小评审点,2015-2018,2016-2-GL1
Group 1,20160125_在2016年1月25日EMT办公会议上的讲话,在2016年1月25日EMT办公会议上的讲话,2016,3,管理优化,管理变革,管理流程简化,2015-2018,2016-3-GL1
Group 1,20160214_做“成吉思汗的马掌”，支撑我们服务世界的雄心,做“成吉思汗的马掌”，支撑我们服务世界的雄心,2016,3,战略导向,总体战略,服务如何支撑公司发展,2015-2018,2016-4-ZL4
Group 1,20160227_多路径多梯次跨越“上甘岭”攻进无人区,多路径多梯次跨越“上甘岭”攻进无人区,2016,3,战略导向,总体战略,未来改革和发展方向,2015-2018,2016-5-ZL4
Group 1,20160307_关于改善艰苦国家的作战环境,关于改善艰苦国家的作战环境,2016,3,管理优化,日常管理,改善艰苦地区作战环境,2015-2018,2016-6-GL2
Group 1,20160331_在巴展总结会议上的讲话,在巴展总结会议上的讲话,2016,3,管理优化,日常管理,对巴塞罗那MWC展会组织的看法,2015-2018,2016-7-GL2
Group 1,20160428_在专业服务业务策略汇报上的讲话,在专业服务业务策略汇报上的讲话,2016,3,战略导向,业务层战略,专业服务业务,2015-2018,2016-8-ZL1
Group 1,20160523_在中亚地区部员工座谈会上的讲话,在中亚地区部员工座谈会上的讲话,2016,3,战略导向,跨国经营,中亚地区的发展战略,2015-2018,2016-9-ZL2
Group 1,20160528_为祖国百年科技振兴而努力奋斗,为祖国百年科技振兴而努力奋斗,2016,3,战略导向,总体战略,华为的战略举措和目标,2015-2018,2016-10-ZL4
Group 1,20160712_前进的路上不会铺满了鲜花,前进的路上不会铺满了鲜花,2016,3,战略导向,总体战略,华为的机会、风险和战略,2015-2018,2016-11-ZL4
Group 1,20160804_在签证业务变革进展汇报上的讲话,在签证业务变革进展汇报上的讲话,2016,3,管理优化,职能体系建设,公司签证业务优化,2015-2018,2016-12-GL3
Group 1,20160810_在诺亚方舟实验室座谈会上的讲话,在诺亚方舟实验室座谈会上的讲话,2016,3,战略导向,业务层战略,人工智能业务的发展战略,2015-2018,2016-13-ZL1
Group 1,20160813_IPD的本质是从机会到商业变现,IPD的本质是从机会到商业变现,2016,3,战略导向,研发创新,未来研发导向,2015-2018,2016-14-ZL3
Group 1,20160815_公司必须持续不断的、永恒的促进组织血液流动，增强优秀干部、专家的循环赋能,公司必须持续不断的、永恒的促进组织血液流动，增强优秀干部、专家的循环赋能,2016,3,队伍建设,培养选拔,战略预备队为组织循环赋能,2015-2018,2016-15-DW2
Group 1,20160819_美丽的爱尔兰是软件的大摇篮,美丽的爱尔兰是软件的大摇篮,2016,3,战略导向,研发创新,合作构建大视频网络,2015-2018,2016-16-ZL3
Group 1,20161021_关于行政与慧通工作讲话的纪要,关于行政与慧通工作讲话的纪要,2016,3,管理优化,职能体系建设,改革行政服务体系,2015-2018,2016-17-GL3
Group 1,20161025_建立对作业类员工的科学管理方法与评价体系，导向多产粮食,建立对作业类员工的科学管理方法与评价体系，导向多产粮食,2016,3,队伍建设,考评激励,考核评价,2015-2018,2016-18-DW1
Group 1,20161026_在质量与流程IT管理部员工座谈会上的讲话,在质量与流程IT管理部员工座谈会上的讲话,2016,3,管理优化,职能体系建设,质量与流程IT的发展导向,2015-2018,2016-19-GL3
Group 1,20161026_在运营商三朵云2.0阶段进展汇报会上的讲话,在运营商三朵云2.0阶段进展汇报会上的讲话,2016,3,管理优化,职能体系建设,“三朵云”的建设目标,2015-2018,2016-20-GL3
Group 1,20161028_春江水暖鸭先知，不破楼兰誓不还,春江水暖鸭先知，不破楼兰誓不还,2016,3,战略导向,总体战略,抢占行业数字化及网络转型高地,2015-2018,2016-21-ZL4
Group 1,20161031_聚焦主航道，眼望星空，朋友越多天下越大,聚焦主航道，眼望星空，朋友越多天下越大,2016,3,战略导向,业务层战略,无线业务的战略发展,2015-2018,2016-22-ZL1
Group 1,20161115_聚焦平台，加强血液流动，敢于破格，抢占世界高地,聚焦平台，加强血液流动，敢于破格，抢占世界高地,2016,3,战略导向,总体战略,图像时代战略机遇,2015-2018,2016-23-ZL4
Group 1,20161121_与合同场景师座谈会上的讲话,与合同场景师座谈会上的讲话,2016,3,管理优化,职能体系建设,合同场景师的职责和机遇,2015-2018,2016-24-GL3
Group 1,20161201_内外合规多打粮，保驾护航赢未来,内外合规多打粮，保驾护航赢未来,2016,3,管理优化,职能体系建设,强化监管体系和内部控制,2015-2018,2016-25-GL3
Group 1,20161217_在法国研究所座谈交流纪要,在法国研究所座谈交流纪要,2016,3,战略导向,研发创新,数学算法在信息时代的作用,2015-2018,2016-26-ZL3
Group 1,20161222_在存货账实相符项目汇报会上的讲话,在存货账实相符项目汇报会上的讲话,2016,3,管理优化,职能体系建设,存活账实相符的变革,2015-2018,2016-27-GL3
Group 1,20170107_在人工智能应用GTS研讨会上的讲话,在人工智能应用GTS研讨会上的讲话,2017,3,战略导向,总体战略,人工智能业务的发展战略,2015-2018,2017-1-ZL4
Group 1,20170111_在2017年市场工作大会上的讲话,在2017年市场工作大会上的讲话,2017,3,队伍建设,培养选拔,建设奋斗队伍,2015-2018,2017-2-DW2
Group 1,20170117_在消费者BG年度大会上的讲话,在消费者BG年度大会上的讲话,2017,3,战略导向,业务层战略,消费者BG的发展战略,2015-2018,2017-3-ZL1
Group 1,20170120_在健康指导中心业务变革项目阶段汇报会上的讲话,在健康指导中心业务变革项目阶段汇报会上的讲话,2017,3,管理优化,职能体系建设,公司健康指导体系的建设,2015-2018,2017-4-GL3
Group 1,201701_在北部非洲（尼日尔、布基纳法索）汇报会议的讲话,在北部非洲（尼日尔、布基纳法索）汇报会议的讲话,2017,3,战略导向,跨国经营,经营方针,2015-2018,2017-5-ZL2
Group 1,20170215_在泰国与地区部负责人、在尼泊尔与员工座谈的讲话,在泰国与地区部负责人、在尼泊尔与员工座谈的讲话,2017,3,战略导向,跨国经营,艰难地区的条件,2015-2018,2017-6-ZL2
Group 1,20170220_在泛网络区域组织变革优化总结与规划汇报的讲话,在泛网络区域组织变革优化总结与规划汇报的讲话,2017,3,管理优化,管理变革,泛网络区域组织变革优化,2015-2018,2017-7-GL1
Group 1,20170224_在高研班和战略预备队汇报会上的讲话,在高研班和战略预备队汇报会上的讲话,2017,3,管理优化,职能体系建设,公司的人力资源改革,2015-2018,2017-8-GL3
Group 1,20170314_我们的目的是实现高质量,我们的目的是实现高质量,2017,3,管理优化,职能体系建设,制造瞄准高质量前进,2015-2018,2017-9-GL3
Group 1,20170316_客户需求导向，提升公司E2E系统竞争力,客户需求导向，提升公司E2E系统竞争力,2017,3,战略导向,总体战略,客户需求牵引产品和解决方案,2015-2018,2017-10-ZL4
Group 1,20170328_在支付系统员工座谈会上的讲话,在支付系统员工座谈会上的讲话,2017,3,管理优化,职能体系建设,支付系统的发展导向,2015-2018,2017-11-GL3
Group 1,20170406_与广州代表处部分员工晚餐会的讲话,与广州代表处部分员工晚餐会的讲话,2017,3,队伍建设,考评激励,考核评价,2015-2018,2017-12-DW1
Group 1,20170410_与网络能源产品线部分员工晚餐会的讲话,与网络能源产品线部分员工晚餐会的讲话,2017,3,队伍建设,考评激励,考核评价,2015-2018,2017-13-DW1
Group 1,20170418_在战略预备队座谈会上的讲话,在战略预备队座谈会上的讲话,2017,3,队伍建设,培养选拔,训战结合培养优秀员工,2015-2018,2017-14-DW2
Group 1,20170424_在道德遵从委员会第二次代表大会的讲话,在道德遵从委员会第二次代表大会的讲话,2017,3,管理优化,制度建设,法律遵从与道德遵从部门建设,2015-2018,2017-15-GL4
Group 1,20170427_在职员类定位与差异化管理汇报会上的讲话,在职员类定位与差异化管理汇报会上的讲话,2017,3,队伍建设,培养选拔,员工培养,2015-2018,2017-16-DW2
Group 1,20170527_在健康指导与应急保障业务整合及签证变革进展汇报会上的讲话,在健康指导与应急保障业务整合及签证变革进展汇报会上的讲话,2017,3,管理优化,职能体系建设,统筹管理员工健康、安全、保险与员工服务,2015-2018,2017-17-GL3
Group 1,20170527_在继任计划工作汇报会上的讲话,在继任计划工作汇报会上的讲话,2017,3,队伍建设,培养选拔,员工培养,2015-2018,2017-18-DW2
Group 1,20170601_什么叫精神文明，什么叫物质文明,什么叫精神文明，什么叫物质文明,2017,3,队伍建设,文化理念,发展精神文明,2015-2018,2017-19-DW3
Group 1,20170602_方向要大致正确，组织要充满活力,方向要大致正确，组织要充满活力,2017,3,战略导向,总体战略,华为管道产业发展方向,2015-2018,2017-20-ZL4
Group 1,20170624_在俄罗斯代表处讲话纪要,在俄罗斯代表处讲话纪要,2017,3,战略导向,跨国经营,俄罗斯地区的经营战略,2015-2018,2017-21-ZL2
Group 1,20170705_在华为平安园区项目汇报会上的讲话,在华为平安园区项目汇报会上的讲话,2017,3,管理优化,管理变革,提升解决方案能力,2015-2018,2017-22-GL1
Group 1,20170711_在战略预备队述职会上的讲话,在战略预备队述职会上的讲话,2017,3,战略导向,总体战略,投资管理要聚焦商业成功,2015-2018,2017-23-ZL4
Group 1,20170712_在三季度区域总裁会议上的讲话,在三季度区域总裁会议上的讲话,2017,3,战略导向,总体战略,理解公司未来战略,2015-2018,2017-24-ZL4
Group 1,20170712_在新员工入职培训座谈会上的讲话,在新员工入职培训座谈会上的讲话,2017,3,队伍建设,培养选拔,战略预备队建设,2015-2018,2017-25-DW2
Group 1,20170718_与韩国办事处交流纪要,与韩国办事处交流纪要,2017,3,战略导向,跨国经营,韩国的经营战略,2015-2018,2017-26-ZL2
Group 1,20170723_任正非与徐直军在消费者BG2017年中市场大会上的讲话,任正非与徐直军在消费者BG2017年中市场大会上的讲话,2017,3,战略导向,业务层战略,消费者BG的发展战略,2015-2018,2017-27-ZL1
Group 1,20170807_在人力资源管理纲要2.0沟通会上的讲话,在人力资源管理纲要2.0沟通会上的讲话,2017,3,战略导向,总体战略,公司的未来价值创造和人力资源体系,2015-2018,2017-28-ZL4
Group 1,20170807_在行政服务解决“小鬼难缠”工作进展汇报上的讲话,在行政服务解决“小鬼难缠”工作进展汇报上的讲话,2017,3,管理优化,管理变革,整改“小鬼难缠”问题,2015-2018,2017-29-GL1
Group 1,20170807_科学的量化、简化管理，关注技能与经验的积累，培育工匠文化,科学的量化、简化管理，关注技能与经验的积累，培育工匠文化,2017,3,队伍建设,考评激励,作业类员工管理,2015-2018,2017-30-DW1
Group 1,20170809_在子公司监督型董事会年中工作会议上的讲话,在子公司监督型董事会年中工作会议上的讲话,2017,3,管理优化,制度建设,公司内控和监管,2015-2018,2017-31-GL4
Group 1,20170821_在规范职能组织权力工作组座谈会上的讲话,在规范职能组织权力工作组座谈会上的讲话,2017,3,管理优化,职能体系建设,规范职能组织权力,2015-2018,2017-32-GL3
Group 1,20170824_与采购干部座谈会上的讲话,与采购干部座谈会上的讲话,2017,3,管理优化,职能体系建设,走向科学性采购,2015-2018,2017-33-GL3
Group 1,20170826_开放创新，吸纳全球人才，构建“为我所知、为我所用、为我所有”的全球能力布局,开放创新，吸纳全球人才，构建“为我所知、为我所用、为我所有”的全球能力布局,2017,3,战略导向,研发创新,开放创新，吸纳全球人才,2015-2018,2017-34-ZL3
Group 1,20170828_在诺亚方舟实验室使能工程部成立会上的讲话,在诺亚方舟实验室使能工程部成立会上的讲话,2017,3,战略导向,研发创新,人工智能使能工程部,2015-2018,2017-35-ZL3
Group 1,20170829_任总在GTS人工智能实践进展汇报会上的讲话,任总在GTS人工智能实践进展汇报会上的讲话,2017,3,战略导向,研发创新,人工智能的应用和发展,2015-2018,2017-36-ZL3
Group 1,20170914_任总与接入网团队座谈会上的讲话,任总与接入网团队座谈会上的讲话,2017,3,战略导向,业务层战略,接入网的未来发展,2015-2018,2017-37-ZL1
Group 1,20171003_在加拿大代表处的讲话,在加拿大代表处的讲话,2017,3,管理优化,管理变革,确定性事务的效率提升,2015-2018,2017-38-GL1
Group 1,20171006_一杯咖啡吸收宇宙能量，一桶浆糊粘接世界智慧,一杯咖啡吸收宇宙能量，一桶浆糊粘接世界智慧,2017,3,战略导向,研发创新,华为的未来研发创新导向,2015-2018,2017-39-ZL3
Group 1,20171018_在会议标准化及服务提升项目汇报会上的讲话,在会议标准化及服务提升项目汇报会上的讲话,2017,3,管理优化,职能体系建设,会议标准化及服务提升,2015-2018,2017-40-GL3
Group 1,20171019_在2017年第四季度地区部总裁会议上的讲话,在2017年第四季度地区部总裁会议上的讲话,2017,3,战略导向,总体战略,加强经营管理，焕发战斗活力,2015-2018,2017-41-ZL4
Group 1,20171024_在消费者BG业务汇报及骨干座谈会上的讲话,在消费者BG业务汇报及骨干座谈会上的讲话,2017,3,战略导向,业务层战略,消费者业务的未来发展,2015-2018,2017-42-ZL1
Group 1,20171113_关于人力资源管理纲要2.0修订与研讨的讲话纪要,关于人力资源管理纲要2.0修订与研讨的讲话纪要,2017,3,管理优化,制度建设,人力资源管理制度变革,2015-2018,2017-43-GL4
Group 1,20171120_在公司愿景与使命研讨会上的讲话,在公司愿景与使命研讨会上的讲话,2017,3,战略导向,总体战略,华为公司愿景使命,2015-2018,2017-44-ZL4
Group 1,20171218_在落实日落法及清理机关说NO,在落实日落法及清理机关说NO,2017,3,管理优化,管理变革,简化管理,2015-2018,2017-45-GL1
Group 1,20171225_在听取展厅工作汇报时，关于咨询师的讲话,在听取展厅工作汇报时，关于咨询师的讲话,2017,3,队伍建设,培养选拔,员工培养,2015-2018,2017-46-DW2
Group 1,20180116_在财务部分员工座谈会上的讲话,在财务部分员工座谈会上的讲话,2018,3,管理优化,职能体系建设,财经体系的下一步改进,2015-2018,2018-1-GL3
Group 1,20180118_与财务、基建、行政座谈会上的讲话,与财务、基建、行政座谈会上的讲话,2018,3,管理优化,职能体系建设,对未来基建和办公系统的调整,2015-2018,2018-2-GL3
Group 1,20180205_与“落实日落法及清理机关说NO”秘书处座谈会上的讲话,与“落实日落法及清理机关说NO”秘书处座谈会上的讲话,2018,3,管理优化,职能体系建设,秘书处在管理变革中的作用,2015-2018,2018-3-GL3
Group 1,20180209_在员工关系变革工作进展汇报上的讲话,在员工关系变革工作进展汇报上的讲话,2018,3,管理优化,职能体系建设,员工关系变革,2015-2018,2018-4-GL3
Group 1,20180224_从系统工程角度出发规划华为大生产体系架构，建设世界一流的先进生产系统,从系统工程角度出发规划华为大生产体系架构，建设世界一流的先进生产系统,2018,3,管理优化,职能体系建设,面向未来设计生产制造模式,2015-2018,2018-5-GL3
Group 1,20180314_任正非在2018年全球行政年会上的座谈纪要,任正非在2018年全球行政年会上的座谈纪要,2018,3,管理优化,职能体系建设,优化行政管理体系,2015-2018,2018-6-GL3
Group 1,20180321_研发要做智能世界的“发动机”,研发要做智能世界的“发动机”,2018,3,战略导向,总体战略,华为的主航道和理想,2015-2018,2018-7-ZL4
Group 1,20180420_关于人力资源组织运作优化的讲话,关于人力资源组织运作优化的讲话,2018,3,管理优化,制度建设,人力资源体系的总体顶层设计,2015-2018,2018-8-GL4
Group 1,20180426_任正非在战略预备队述职会上的讲话,任正非在战略预备队述职会上的讲话,2018,3,管理优化,制度建设,战略预备队,2015-2018,2018-9-GL4
Group 1,20180605_在剑桥和伊普斯维奇研究所座谈纪要,在剑桥和伊普斯维奇研究所座谈纪要,2018,3,战略导向,研发创新,剑桥和伊普斯维奇研究所发展导向,2015-2018,2018-10-ZL3
Group 1,20180622_BG机关要缩短经线，畅通纬线，强化作战组织的能力考核与选拔，精减非作战组织的规模及运作,BG机关要缩短经线，畅通纬线，强化作战组织的能力考核与选拔，精减非作战组织的规模及运作,2018,3,管理优化,管理变革,简化管理,2015-2018,2018-11-GL1
Group 1,20180627_与平台协调委员会座谈纪要,与平台协调委员会座谈纪要,2018,3,管理优化,制度建设,平台协调委员会推动组织结构优化,2015-2018,2018-12-GL4
Group 1,20180713_在攀登珠峰的路上沿途下蛋,在攀登珠峰的路上沿途下蛋,2018,3,战略导向,业务层战略,多路径、多梯次、多场景化满足客户需求,2015-2018,2018-13-ZL1
Group 1,20180718_在GTS人工智能实践进展汇报会上的讲话,在GTS人工智能实践进展汇报会上的讲话,2018,3,战略导向,业务层战略,人工智能业务发展,2015-2018,2018-14-ZL1
Group 1,20180929_从人类文明的结晶中，找到解决世界问题的钥匙,从人类文明的结晶中，找到解决世界问题的钥匙,2018,3,管理优化,日常管理,公共关系和战略宣传,2015-2018,2018-15-GL2
Group 1,20181017_坚持多路径、多梯次、多场景化的研发路线，攻上“上甘岭”，实现5G战略领先,坚持多路径、多梯次、多场景化的研发路线，攻上“上甘岭”，实现5G战略领先,2018,3,战略导向,业务层战略,5G业务的未来发展,2015-2018,2018-16-ZL1
Group 1,20181121_任正非在日本研究所业务汇报,任正非在日本研究所业务汇报,2018,3,战略导向,研发创新,合作共赢推进研发,2015-2018,2018-17-ZL3
